4.652833333333334,0.3504202311280535,6.002185006680897,1.2515417662715942,1.2752,-1.5604108324830714,2
4.990246031746031,0.47805217005999223,4.437923212895526,1.2329783616759504,1.2752,-1.0053537169550186,2
5.4141055555555555,0.704103283779017,4.690334004615115,1.224060217571317,1.2752,1.2680658723614293,2
6.209733333333333,0.7638262862428573,5.169578020692988,1.1812379698152837,1.2654,-1.3924958021885836,2
6.976933333333333,0.6839677835168034,4.541512300937582,1.1341904378601213,1.2654,-0.5124894630949197,2
7.7822,0.6784593036186226,4.522342586651613,1.090497305514018,1.1481999999999999,-1.0213735979546357,2
8.549266666666666,0.7512786404228164,5.049508253020441,1.0977383476949323,1.1662,-1.0855303277719068,2
9.366066666666665,0.6554602420352351,4.436744367013483,1.130856467166958,1.1873999999999998,-0.6712103892157111,2
10.13386666666667,0.6784140197712769,4.6084437522533435,1.1576602357053358,1.2054,0.6439291492280805,2
10.967333333333336,0.756353767903765,5.1310841639188185,1.1803901468017541,1.2566,-0.7971420884511788,2
11.815666666666665,0.7498830279153913,5.08825938884593,1.1680551870523928,1.2566,-0.9928421447532263,2
12.636333333333337,0.6438482395375135,4.361057887097283,1.1559009600019083,1.2566,-1.060262089025695,2
13.426266666666665,0.6748885801045647,4.557316610545092,1.152041557120807,1.2550000000000001,-0.8432816222586648,2
14.190933333333332,0.6839746064162193,4.593171249056774,1.1351180813759716,1.2550000000000001,-0.9773479582525413,2
15.018999999999998,0.6987512194384111,4.657374663568917,1.1563265916974608,1.2736,-1.1628648697002189,2
15.842799999999999,0.7638417986293591,5.134723757210278,1.1487946193003054,1.2736,-0.4501859811768405,2
16.665666666666667,0.6720750123477455,4.530704099578986,1.1715800499041171,1.2736,0.052743854697769876,2
17.41773333333333,0.6090304279937263,4.166041563819728,1.1856322105386081,1.3161999999999998,-0.43767807678386195,2
18.177599999999998,0.6903665499814816,4.711715941052069,1.230368730638638,1.3564,-1.4779907696222274,2
18.950066666666665,0.7083068042090871,4.800876963549264,1.2526289400031172,1.3564,-0.569319678276889,2
19.795133333333336,0.7228991046858175,4.8844237658173135,1.241650014027034,1.3564,-0.7162223587935923,2
20.574733333333334,0.6851865893479103,4.615739940715229,1.212604274004233,1.2888,-0.4310916644188869,2
21.352733333333337,0.6254718716474963,4.227074552719403,1.2361649728090505,1.3317999999999999,-0.514678571305438,2
22.197599999999998,0.7932879090637063,5.336460741634688,1.2453655795254126,1.3317999999999999,-0.5482381099220546,2
23.041600000000003,0.776193343611414,5.219839057569427,1.2322293671769609,1.3317999999999999,-0.654590145546984,2
23.88733333333333,0.6254063923206697,4.2533396797168885,1.2097367956157516,1.2684000000000002,-0.21532449762955874,2
24.6434,0.6741974290468133,4.549439547095352,1.2391223184173545,1.3776,-0.09812902290894554,2
25.432133333333336,0.6998304429566411,4.726745141392152,1.257977462437225,1.3776,-0.6814048263299832,2
26.253066666666665,0.6918448252478457,4.6671607864342075,1.27181075531438,1.3776,-0.8083719943551175,2
27.023799999999998,0.6911066198496437,4.649508180964182,1.2210826726038384,1.339,-0.9399163526620966,2
27.875533333333333,0.754435892276843,5.055958703601247,1.1957947047884099,1.3112,-0.7161589724535595,2
28.685799999999993,0.7687156995057849,5.159551870995568,1.16106126970113,1.215,-1.3276381070041845,2
29.5438,0.6800404595806541,4.59303554989607,1.16853567967207,1.2348000000000001,-1.1784683577631128,2
30.313466666666663,0.6992056318105248,4.734844939082994,1.1926525596333577,1.3118,-0.4448974805934216,2
31.10146666666667,0.6645321027275926,4.506552653689812,1.2140892729394601,1.3312000000000002,-0.9471014695892999,2
31.847466666666662,0.6464753531436617,4.381632828159326,1.202360662474728,1.3312000000000002,-0.7913484351139553,2
32.602466666666665,0.6582675612714194,4.464687892089564,1.178162492471504,1.3312000000000002,0.4153697864918211,2
33.40173333333333,0.7365535478761132,4.992906224084802,1.1631348147714147,1.221,0.29638800148925126,2
34.20333333333334,0.7178910471342818,4.841226294572733,1.174692312622047,1.2506,1.1362156489058117,2
35.07773333333334,0.7671550444481354,5.166266589951023,1.1699909674865017,1.2506,-0.25658641270091387,2
35.8814,0.7793224664198166,5.225721074048171,1.156495416333329,1.2506,-0.6409222150746432,2
36.76559999999999,0.7630960446322163,5.082925433226694,1.1659336996587757,1.2394,-0.7326885978991915,2
37.4814,0.6904107279969901,4.512891126181752,1.2108092951961236,1.3222,-0.9515202184389597,2
38.263999999999996,0.6500734317495735,4.281224134404122,1.2391807304290472,1.3222,-0.40017955647029524,2
38.93473333333332,0.663741211283099,4.461847692597203,1.2383308669333895,1.3222,-0.44823158253766415,2
39.746533333333325,0.690301950035072,4.6395701767813335,1.1924312620300872,1.2794,-1.2705927314177232,2
40.56446666666667,0.7813660999955296,5.282299107224321,1.208113622691729,1.334,-0.56692893655684,2
41.40653333333333,0.7160052017191564,4.826402537496015,1.215036440605795,1.334,-1.4291446635042802,2
42.24099999999999,0.7086164453825962,4.788425857536786,1.2297434453305018,1.334,-1.0794950926707514,2
43.03946666666668,0.7428180456133846,5.0340437700738105,1.1938190784201768,1.3146,-0.4267376141201358,2
43.84746666666667,0.6583389063055263,4.459226090014846,1.1939125417438805,1.2598,-1.1021684798727045,2
44.59066666666666,0.6210756976586854,4.2062479910668555,1.218897691085406,1.32,-0.41243373850190057,2
45.39786666666667,0.7330331385566567,4.961972831444983,1.2584902012596946,1.332,-0.31140784939170185,2
46.20266666666667,0.7465612425574267,5.058232485482304,1.2545627923703142,1.332,-0.7787442280377781,2
47.03593333333333,0.6558994807810782,4.4530910514456155,1.236731860994937,1.332,-0.5257643078058889,2
47.843266666666665,0.7484544935324307,5.068262599001036,1.2347636750946853,1.2932000000000001,-1.0116207858373185,2
48.59179999999999,0.6497559234050894,4.351714751016767,1.2249727158866301,1.2932000000000001,-1.2333496002197357,2
49.38166666666666,0.6628039596207083,4.4287335788678,1.2404719295493953,1.312,-0.9014660307181397,2
50.18713333333334,0.8017706543783083,5.424354122031642,1.2244032004749634,1.312,-0.6100376518879198,2
50.99033333333333,0.652324476179012,4.28154009996578,1.2285241888813856,1.312,-0.5083460197305927,2
51.819,0.6627495756317008,4.355826740599738,1.2156687948066558,1.2975999999999999,0.15309313088632148,2
52.519000000000005,0.6766381110559274,4.473085159950111,1.2158184107834524,1.294,-0.511065568582711,2
53.3728,0.69433509681325,4.65848940735539,1.2465021171261605,1.3082,-1.3319985979225788,2
54.16153333333334,0.7686200072568719,5.207412546842061,1.2449416093402401,1.3082,-1.3694741901194294,2
55.04200000000001,0.705623695747245,4.691837102220358,1.26750210203639,1.3446,-1.191217277361778,2
55.84253333333334,0.6915206303663126,4.592157334101628,1.2299959848172948,1.3446,-0.8648328029318177,2
56.61306666666667,0.6260521242055029,4.122991350245418,1.2387523820360549,1.3446,-1.0241249335434937,2
57.392333333333326,0.6972726072985288,4.68486200910495,1.2025702607332345,1.2832,-0.4791900235620532,2
58.178266666666666,0.7038150767227296,4.695752507240227,1.209850321320782,1.2832,0.03902845842290503,2
58.99686666666667,0.6960646872876762,4.669526397288689,1.1845638623560995,1.2176,-0.5206018119860119,2
59.76506666666667,0.6788992528759729,4.5330869991901865,1.157097408748863,1.2092,-0.9826709702603451,2
60.59766666666667,0.7458432513307038,5.0197069500803835,1.1473947091854078,1.1952,-0.9885746501452064,2
61.378466666666675,0.7187301177926398,4.82176969087216,1.1546428965990598,1.2414,-0.7597439711041987,2
62.2026,0.6775347764752238,4.548487772035829,1.2041293208511008,1.325,-0.5523395647066693,2
63.02673333333333,0.8037094804025217,5.449755802208078,1.2398727719676188,1.325,-0.37176222160122574,2
63.91620000000001,0.8100642525956414,5.479261090027277,1.237778639337422,1.325,-1.0371997740201806,2
64.75373333333333,0.6905299864757661,4.64421376975918,1.1896215812882125,1.3052,-0.2613768752633474,2
65.54113333333333,0.6913368080915563,4.619031165085479,1.1351407419346733,1.2162,-0.516623739185571,2
66.26406666666666,0.6494269234401108,4.359313414954856,1.1202013509484208,1.2162,-0.06398950539280168,2
67.03846666666666,0.6700687891718451,4.509015472790145,1.1647227630070027,1.3092000000000001,0.1025338003253018,2
67.76746666666666,0.6629614233791369,4.495628296846358,1.2125682617211015,1.3092000000000001,-1.2649310906968017,2
68.53986666666668,0.6417771021849323,4.347403072649489,1.257855232793769,1.3402,-0.9254204118999874,2
69.36146666666666,0.7751921797564488,5.241349249360051,1.2397222581422556,1.3402,-1.0344290727206202,2
70.23700000000001,0.7929840267411867,5.334044450012418,1.2464207272559829,1.3402,-1.5572566436233128,2
71.01926666666667,0.6157348960569168,4.076208859873958,1.191852302930191,1.3354,-1.1442459032813503,2
71.72840000000001,0.5722131071550163,3.7945648320576555,1.203863262445809,1.3354,-1.381476514479236,2
72.47373333333333,0.7595591235856627,5.12826103029709,1.1933001231877922,1.3122,-1.2227904992364904,2
73.35686666666668,0.8009508821117273,5.4209947336798425,1.2053935147217831,1.3122,-1.3411441059830014,2
