3.9116363636363634,0.15346558555719658,2.097203401696233,0.429661946185603,0.445,-0.4999423568012129,0
3.9979047619047625,0.14853343531304897,1.1443238145674028,0.42186191342665674,0.445,0.1701128068123543,0
4.0112,0.13051830012173266,0.4139970055609316,0.4182153336898748,0.445,-0.7848113257459297,0
4.050933333333334,0.06914474351355683,-0.17870965603037403,0.42947355681112664,0.47400000000000003,-1.3722386301540113,0
3.9950666666666668,0.09886790289179916,-0.3930999593143286,0.4427237935026006,0.47400000000000003,-0.7486369044165873,0
3.9615333333333336,0.1031215248572716,-0.3083392382943519,0.4449096507531988,0.47400000000000003,-0.6052901051743911,0
3.9561333333333333,0.1015164135606762,0.16453782260953942,0.438546666463977,0.47140000000000004,-1.0998391277576205,0
3.9281999999999995,0.10123813510728072,-0.209501620792693,0.4427964920065801,0.4904,-0.9508465109718633,0
3.938666666666667,0.1032722400045413,-0.18542597468576616,0.45075546363854535,0.4904,0.37344635186938113,0
3.9601333333333333,0.1325261567473464,0.6855449112340892,0.45395575114762016,0.4904,0.9695305681925999,0
4.027933333333333,0.11779019012162631,0.19037894950724682,0.44142572648181705,0.46319999999999995,0.22118150652578938,0
4.0056,0.12838213790607053,-0.45169609264611205,0.4411190708489791,0.46319999999999995,1.0729375259710183,0
4.0081999999999995,0.11459883652696176,0.07088491316666792,0.4391758190064658,0.4728,0.8863823197530003,0
3.995200000000001,0.10266008636920827,0.28887258785302067,0.45219973757916604,0.4828,-0.781773227608582,0
4.0098666666666665,0.0938394847006785,-0.41017047882915164,0.4502088966987066,0.4828,-1.020062374459046,0
3.9856666666666665,0.09857123763496568,-0.06735024032583115,0.45406520236635617,0.4828,-0.6377502893975469,0
3.940533333333333,0.11172458199618486,-0.21720882430329408,0.45035426351558683,0.4784,-0.9511110804725105,0
3.9534,0.1374939028951223,-0.08683801994491841,0.46011950331770696,0.4784,-0.19212726002810943,0
3.9258,0.12594427339105171,0.27208790260967597,0.45836515283486956,0.4784,-1.264089285590807,0
3.9979999999999993,0.12761086683089853,0.3976656336692442,0.44939018235827094,0.47400000000000003,-1.3570830839655332,0
4.035266666666668,0.11858553406250226,0.36272738587775477,0.44280819926163667,0.47300000000000003,-0.49828990616824154,0
4.009266666666667,0.1409789424780248,-0.752650027785182,0.44635658092307023,0.48020000000000007,-1.0301040314754555,0
3.8952000000000004,0.1812972513121292,-0.9745251670033088,0.4582080459063692,0.48020000000000007,-1.21454780709132,0
3.8517333333333337,0.1350720630708742,0.34723875326601483,0.45802730922948254,0.48020000000000007,-1.2722488957024431,0
3.8838,0.1457818918796158,0.6272063896298569,0.45563501182415733,0.48019999999999996,-0.27286932252377527,0
3.9197333333333333,0.11705466908908653,-0.19670110039987349,0.44062747682519005,0.46420000000000006,-0.6463765505000092,0
3.964933333333333,0.14531779733474573,0.33694657910190096,0.43777011623301415,0.46420000000000006,-1.154634192540227,0
3.9514666666666667,0.1427257821449541,0.14286237227902515,0.4221714470054396,0.453,-0.7662897274979006,0
3.9975333333333327,0.10170504193773074,-0.3343278755182383,0.4372907316648731,0.48360000000000003,-0.9800324358208976,0
4.016533333333333,0.1225756183840091,0.6652827548514729,0.4420290578683714,0.48360000000000003,-1.2881554464613332,0
4.027266666666667,0.1135529049484082,-0.10984805171919762,0.4449771469787334,0.48360000000000003,-1.4583371636559783,0
4.091933333333333,0.1441142910640332,0.19310277879884555,0.44202738376711465,0.48360000000000003,-1.3291313046075823,0
4.0684000000000005,0.13273874089101992,0.38871315992092625,0.440853738406137,0.4746,-1.2193660939085713,0
4.0662,0.1364994261282198,-0.6531215645992327,0.4465337195180971,0.4746,-0.5139357804036373,0
4.027466666666667,0.09350213307133107,-0.07729055834293273,0.44152797419869105,0.45899999999999996,-0.6196791520281528,0
3.9738666666666664,0.0930403974387232,-0.07972291968135681,0.4477335249155834,0.4768,-1.0127298399759095,0
3.9635333333333334,0.10397651444223141,-0.4145283061957322,0.45110596833412286,0.4768,-0.6958587537633165,0
3.9754666666666663,0.12868559446271455,0.46309701523109814,0.4531543048454908,0.4768,-1.1600810706081834,0
3.9753333333333334,0.13084987156619182,0.09284016351938976,0.4525579653480867,0.4732,-1.209309780197865,0
4.0448,0.12230192148940267,0.022129063784193083,0.44659858784670003,0.4732,-1.30010994959178,0
4.012866666666667,0.09946347179855647,0.2645110299282871,0.4418101703974985,0.4732,-1.0311833196139477,0
4.0389333333333335,0.08489324014444395,-0.24563297350336044,0.4361301793425139,0.472,0.7867410881167927,0
4.0178666666666665,0.08486056537376804,0.09886065215192254,0.4462408706815935,0.472,-1.394525757886602,0
3.9459333333333335,0.14273190097366317,-0.5783313515679669,0.4583847728710019,0.47800000000000004,-0.6681923656434963,0
3.9442666666666666,0.15259421861773,-0.15197301201517618,0.4605707300006518,0.47800000000000004,-0.5088229909494233,0
3.9365333333333337,0.1409784223048178,0.6487138085186819,0.4513152364663381,0.47800000000000004,-1.150473176397108,0
3.955066666666666,0.11864314373597637,-0.31466802015814294,0.4383640739537552,0.4596,-1.0746767213257902,0
3.9713333333333334,0.11564466649564475,0.039687359438387824,0.44013014135972706,0.46799999999999997,-0.928784040282959,0
3.918399999999999,0.1351043053841489,0.12630456866931125,0.43700860708533723,0.46799999999999997,-1.1992509412289618,0
3.9676,0.13424097735043497,0.02114134716248564,0.43764198457948095,0.46799999999999997,-1.2145352072836808,0
3.995199999999999,0.14532868494095255,0.7443334511331308,0.4335918449417609,0.4622,-1.014536609859912,0
4.0882,0.09790655408772858,0.3540902422975378,0.4411420058590355,0.46740000000000004,-0.6184756820656889,0
4.0872666666666655,0.0948732253530409,-0.3958155229830215,0.4420572361131531,0.46740000000000004,-0.20294235182415932,0
4.055533333333333,0.09131729786239232,-0.36083371448332147,0.4419254024530988,0.4862,0.6966572720107358,0
4.053133333333333,0.15254698365494554,0.5199466124861857,0.44987493669537393,0.48760000000000003,-1.1493645482133914,0
4.016133333333333,0.20215369290605487,-0.1895459797224355,0.4464817338555595,0.48760000000000003,-1.291961030682836,0
4.0346,0.20594831066718333,0.04104144884170875,0.445066652686239,0.48760000000000003,-0.8067789497234958,0
4.013133333333334,0.160242053018412,0.5944706392213875,0.43789497675432026,0.45780000000000004,-0.5510031405375111,0
4.0394,0.12851267122998689,-0.4181214267337059,0.4523818770316365,0.488,-0.07122672329126178,0
4.014200000000001,0.16055433140632902,-0.09863754452521044,0.4613890621445925,0.5,-0.7614956717208359,0
4.0308,0.16105369704956576,0.443322225896096,0.4517776237634322,0.5,-1.3274953053986447,0
4.015466666666667,0.14976330955507378,-0.11007833832056949,0.45149599038455845,0.5,-1.327185849364803,0
3.9999333333333333,0.1399766488462351,-0.3287220607178178,0.44504544786646977,0.4782,-1.203623474091704,0
3.966933333333334,0.1260949201549725,0.4120448502987546,0.46138854775557664,0.4782,-1.4656271914590828,0
4.001933333333334,0.12344443644364411,0.31921464303567304,0.46064276831401574,0.4782,-1.0283797968646653,0
4.039199999999999,0.10491723722375977,0.13287911168977518,0.4572167013572448,0.4782,-1.0029201065912285,0
4.031199999999999,0.12099101895044392,-0.09602257069339387,0.4546582980657012,0.4732,-1.2181674423149298,0
4.001466666666667,0.13985891303580042,-0.41999097298659566,0.4510256489380621,0.4732,-1.116651853841618,0
4.021466666666666,0.14747287509535062,0.33381250156040576,0.45315524345048314,0.4732,-1.109787043565764,0
4.023933333333333,0.12790046477198155,0.24185514661715057,0.45217951597420536,0.46579999999999994,-1.0812619915278268,0
4.004066666666667,0.13374351905378024,-0.7613867183542262,0.44072453982050963,0.4622,-1.321738492767846,0
3.9478,0.09263023264571878,-0.09840480849260623,0.44248101428196895,0.4708,-1.442329907256518,0
3.9495333333333336,0.09371400938790075,0.32025300838246323,0.43858296668551394,0.47400000000000003,-0.8611179196107028,0
3.9259999999999997,0.15973144127983477,-0.2961414054647874,0.44642722139224444,0.47400000000000003,-0.9068879669054484,0
3.9694666666666665,0.18593112225289826,0.2404408982122656,0.4393368942698379,0.47400000000000003,1.6253012867953043,0
3.967333333333333,0.19781967096884526,0.6643764480721511,0.42633394422682325,0.46340000000000003,-0.5939031656431579,0
4.063466666666667,0.10823669535893188,-0.032326329985457904,0.4153025403245206,0.4378,-1.4188542789416996,0
3.967,0.15669482016539887,-0.43848865369812773,0.4198859114886646,0.45499999999999996,-1.3018866365725876,0
3.9452000000000003,0.15543195724603537,-0.2728104770178185,0.43202283581619466,0.45499999999999996,-0.8908984126688946,0
3.9336000000000007,0.14605149776705478,0.7849714262786673,0.44854009111040827,0.47400000000000003,0.07144168809326423,0
3.9936,0.10466887471131679,0.16027401753366546,0.4519365471685894,0.47400000000000003,-0.6610049424656705,0
3.9636,0.1117406521071599,-0.515874787301582,0.4609760543310972,0.492,-0.7239733646570246,0
3.951,0.10125973204257131,0.08920188713920685,0.46767680578222676,0.492,-1.3723564890274385,0
3.928933333333333,0.09737314254397304,0.24851577394919436,0.46145734075137795,0.492,-1.5655003630405944,0
3.969533333333333,0.06729573207533716,-0.07043017786714553,0.45396674474385607,0.4888,-0.971573704400984,0
3.9584666666666672,0.06012361340512474,0.21227361710837167,0.45471309635857204,0.49219999999999997,-1.0306577911719412,0
3.9670666666666663,0.05686412655522718,-0.05485351157959656,0.45714344357105247,0.49219999999999997,-0.9826567769680343,0
3.9961333333333338,0.09241635256934912,0.23865636490997935,0.4572965981358999,0.49219999999999997,-1.0223620705392007,0
4.067866666666666,0.1442367806382578,0.7830798621965548,0.45225569758710615,0.47919999999999996,-0.8895732032459218,0
4.150866666666667,0.12829100600674323,0.531863949344169,0.451314326532333,0.47919999999999996,-0.9205344010276626,0
4.114533333333333,0.15553343334758893,-0.5800410867557857,0.4555247260028812,0.47919999999999996,-1.1493035159895906,0
4.008933333333333,0.1632166113550402,-0.7691853697775961,0.45578504582752605,0.47800000000000004,-1.3178113850522637,0
3.9148000000000005,0.0999821317369593,-0.07049728728206482,0.4714201127091065,0.4962,-0.55700865951572,0
3.9408000000000003,0.10912451603558206,0.4622521668250479,0.472097306353962,0.4962,-0.3950503162935335,0
3.9847333333333332,0.10852770255663867,0.25248595241230687,0.4630618389229096,0.4962,-0.8849481718827743,0
4.006266666666668,0.08399640203934672,-0.2069367515938647,0.45243232127394845,0.4768,-1.0588034141774507,0
4.008,0.09948266180596503,-0.053554069573241804,0.45740408976454655,0.4906,-1.1285411484270178,0
4.023666666666667,0.08877850090096265,0.14494148850724703,0.4524622975084959,0.4906,-0.9424708901112719,0
4.032533333333334,0.07937746671582702,-0.14209106086914763,0.4566516980515164,0.4906,-0.5160285237643802,0
4.046933333333333,0.05699996101363188,0.04667381489377132,0.44863523119196363,0.4742,-0.4749514466275886,0
4.031733333333333,0.06508401408094687,0.07612238811878388,0.45638290940831694,0.4742,-0.78793251534066,0
4.063933333333334,0.08529084879920519,0.1375417937282164,0.45944918616389635,0.48819999999999997,-0.7082456669298365,0
4.077866666666667,0.12837022846266014,0.4544919822591485,0.4513773085420518,0.48819999999999997,-0.5196756709662873,0
4.037466666666666,0.17563517744334578,-0.47165031130223034,0.4468108473765306,0.48819999999999997,-1.3295291539849208,0
3.9992000000000005,0.16181273126673315,-0.3201290171648893,0.43516849763434545,0.46580000000000005,-1.274520829351453,0
3.969933333333333,0.11431591704084303,0.3239505761159749,0.438923033496003,0.46580000000000005,-1.5781709271044482,0
4.025533333333334,0.10085194869488424,0.13233635764493812,0.4399944242070953,0.46580000000000005,-1.438705973070727,0
4.091866666666666,0.13541140605166502,0.3800928465625821,0.4432609524873582,0.47640000000000005,-1.0528672691499197,0
4.068533333333334,0.14837424155006007,-0.2988988439741733,0.4518931614146571,0.4814,-0.5836840089256867,0
4.016333333333333,0.15053689101198936,-0.6350756123520448,0.45988657152244256,0.4814,2.48039739414026,0
3.977333333333333,0.10411958936189146,0.38815605571035844,0.4680182418097255,0.4918,-0.4526732968381397,0
3.983533333333333,0.10155022840392286,0.28952863693667047,0.46683078447477444,0.4918,0.12920730882194764,0
3.984733333333333,0.11527298999428368,-0.4468401616569051,0.46626303878104397,0.4918,-0.44035126061151253,0
3.9086666666666665,0.10161933324367405,-0.4504355673620679,0.45471784071736915,0.47539999999999993,-0.7845896187056072,0
3.8908666666666663,0.09621736964925925,-0.03935714222889033,0.4483212270980113,0.47539999999999993,-0.8781665456936159,0
3.962933333333333,0.14340965409932804,0.777494489847784,0.443102895499454,0.471,0.5867830806504326,0
4.0840000000000005,0.15857868709255982,0.7352089734224803,0.4470892200295895,0.4614,-0.9599093954511964,0
4.062666666666667,0.1811690432226826,-0.6701929788120472,0.44910021153412966,0.4614,-0.09873499848456913,0
