4.878545454545454,0.3168439144369078,5.565697963865501,0.37351416223336015,0.3992,-1.4569119389045506,1
5.145523809523809,0.4049687370705734,3.7071982165102897,0.4159704973846636,0.4702,-1.525186719205272,1
5.5214,0.5539112805013694,3.7111396486118284,0.425125470651073,0.4702,-0.9715105873092642,1
6.240333333333334,0.7287306010377835,4.913387254753169,0.4538212775972498,0.4882000000000001,-1.163693772840738,1
7.0611999999999995,0.7686935410161841,5.170290043996601,0.45420722730195895,0.4882000000000001,-0.8965323329099331,1
7.873933333333333,0.6869762700090557,4.58443539322846,0.4554339059256202,0.4882000000000001,-0.6875569420901151,1
8.629,0.6689912306351008,4.470184830076967,0.44716603627735413,0.48040000000000005,0.7319633327544635,1
9.4156,0.7154225604494174,4.8400074873831445,0.4428939827994957,0.46559999999999996,-0.16810538013757226,1
10.209533333333331,0.6943931035243814,4.699336573379883,0.45146493108546093,0.49800000000000005,0.19677312914671363,1
11.018466666666665,0.6616173482879326,4.459648826907591,0.45849385891925165,0.49800000000000005,-0.7299712409002237,1
11.781266666666665,0.6664335892561905,4.486761940810431,0.45861558339565106,0.49800000000000005,-0.5153293010224935,1
12.598866666666668,0.7006552520478402,4.717429240774525,0.4546790721670249,0.497,-0.17036203959421004,1
13.404666666666666,0.7190705729543444,4.863728071886115,0.4593225097902344,0.5052000000000001,-0.6846238272160461,1
14.225466666666668,0.6791278590139626,4.589387071082524,0.4539679695015204,0.5052000000000001,-1.071947573807111,1
15.035666666666664,0.7205886636786772,4.876390892410875,0.4513069140470448,0.5052000000000001,-0.1269915890970812,1
15.816466666666665,0.6761269473175058,4.576605398196524,0.4312555653747169,0.45640000000000003,-1.3301965121934172,1
16.5998,0.6471964874235132,4.389039519344549,0.44048439094554387,0.4822,-1.0821686754550097,1
17.357733333333336,0.6749836014468963,4.56519897314607,0.44369160761351645,0.4928,-1.3535907282780542,1
18.14466666666667,0.6721068036819413,4.546631456772978,0.4449212274848961,0.4928,-1.2837656989034567,1
18.966999999999995,0.7238161368745515,4.891891678610613,0.4413918229117224,0.4928,-0.7676374606579861,1
19.825733333333336,0.7734426474463947,5.250343719415095,0.4251628989771646,0.47300000000000003,0.5202604148635128,1
20.663133333333334,0.690912379072452,4.679897255476666,0.43804481353700175,0.4766,-0.919281498469807,1
21.47273333333333,0.6556672902894854,4.434629991779501,0.4461053627414343,0.4766,-1.0574448685316014,1
22.271799999999995,0.7235756306933876,4.876739129566224,0.44610902404382424,0.4766,-0.4444175747064434,1
23.007466666666666,0.6280840566534246,4.173107094336745,0.4433713808234958,0.48019999999999996,-1.0169161648662146,1
23.785199999999996,0.6737450754303639,4.489551946240295,0.436442741567169,0.48019999999999996,-0.7462380806271813,1
24.54586666666666,0.7661213016806733,5.1735434265513565,0.45526635720202296,0.488,-0.3149025468085873,1
25.40826666666667,0.7114257484485333,4.821953252782832,0.4607482088950537,0.488,-0.28633940832399807,1
26.175933333333337,0.656598605609918,4.430062143454905,0.4716913510619701,0.488,-1.501700330979317,1
27.000600000000002,0.7258484965886479,4.908686063945201,0.4577959428974151,0.48719999999999997,-0.912768097078954,1
27.781266666666664,0.7332691153700363,4.961446142433477,0.4390975988699247,0.48719999999999997,-1.4955089589898631,1
28.570733333333333,0.6099848049109273,4.146220572412897,0.4280014485956794,0.48200000000000004,0.02777249408503657,1
29.319933333333328,0.6853788214475919,4.6450144406006295,0.4401754650136693,0.48360000000000003,-1.390116697196437,1
30.146466666666672,0.7674980448762643,5.214396502584552,0.4588854061745699,0.48360000000000003,-0.9983655695203408,1
30.955600000000004,0.6914836994945478,4.66843400354405,0.44902772297487376,0.48360000000000003,-1.261410235009846,1
31.780399999999997,0.675148062773394,4.5655704576768255,0.43807538772833765,0.46959999999999996,-1.4163763024488372,1
32.62493333333333,0.8049054161135268,5.433331896827926,0.4337285787217624,0.4608,-1.200421888663758,1
33.4906,0.7235521911606199,4.8355410949775255,0.455371932966156,0.4968,-1.0865974081908214,1
34.34686666666666,0.6779973811814387,4.489923474071454,0.45841254200410647,0.4968,-0.9779266629858592,1
35.084266666666664,0.6592728789271464,4.385398867808441,0.4548954868978148,0.4968,-1.0801943721588623,1
35.86886666666667,0.6686923923266628,4.438070442075573,0.4403708316105114,0.4734,2.1817711724066795,1
36.6134,0.7124916186641554,4.749840564981082,0.44044581051475556,0.4488,0.5389020709745047,1
37.428466666666665,0.7154475864023081,4.7662223916328905,0.444585169943098,0.46799999999999997,-0.612605893591958,1
38.19906666666667,0.6698773486409438,4.493017630763809,0.44163939135905894,0.46799999999999997,-1.2610920078894161,1
39.00786666666667,0.7096036327102313,4.8001566438084495,0.44926949892761103,0.48439999999999994,-0.982904992446052,1
39.807,0.7343963961422116,4.970030609121272,0.44701962969575876,0.48439999999999994,-0.5353057428944847,1
40.600733333333324,0.6684508425373467,4.503476526929618,0.44610908680874606,0.48439999999999994,-0.5310237225063328,1
41.37573333333333,0.6566362226445395,4.449065051446303,0.43819993914498284,0.4666,-0.17680796496266016,1
42.101800000000004,0.6482629816157435,4.395013697962315,0.43292803405031033,0.449,-1.347398914000676,1
42.90266666666667,0.6932238375076902,4.687570465201103,0.440132107440482,0.46420000000000006,-0.6630112080574606,1
43.72580000000001,0.7779428170930479,5.285638655761434,0.4474799362355069,0.4676,-0.998759624931822,1
44.57140000000001,0.7062018880367475,4.7698637354418,0.4480743093133846,0.4676,-1.5287186286758065,1
45.3846,0.6675995106848611,4.503626940487654,0.45912213915979555,0.5025999999999999,-0.5936080250395177,1
46.18126666666668,0.7051124701461148,4.760871352795248,0.4589484822214072,0.5025999999999999,-1.385688393512131,1
47.003133333333345,0.7059744439819023,4.781658053088316,0.4573169491720157,0.5025999999999999,-1.394688624912919,1
47.82933333333334,0.7224490447237245,4.9091662101065845,0.4342396112746971,0.4878,-0.2335990584379597,1
48.6648,0.739977945617299,5.029609553637206,0.429310501463296,0.45999999999999996,-0.7025415682785421,1
49.45573333333333,0.6710586131048623,4.538531414507008,0.4339307594536253,0.45999999999999996,-0.5203158945632249,1
50.22926666666667,0.6236606947870154,4.226657523998676,0.45126600285566976,0.47400000000000003,-1.0475854354746383,1
50.97726666666666,0.6686678265194329,4.543260554541568,0.4596239535388323,0.4842000000000001,-0.3850598716695015,1
51.78513333333333,0.7130289724517194,4.837826150025695,0.468729178382002,0.4842000000000001,-0.04324863946797297,1
52.6162,0.7331910801421424,4.966637377867872,0.46982257360270235,0.4842000000000001,1.1268412306993723,1
53.44366666666667,0.7092631074259793,4.779890875468075,0.45784503346292477,0.4798,-0.5849267841561718,1
54.216266666666655,0.635451069888329,4.28788383122181,0.4465005472187763,0.4798,-1.28121278376694,1
54.96653333333334,0.6490871401865521,4.392224453659719,0.4341292372861642,0.4622,-1.2606662682715502,1
55.72826666666666,0.6922343983234458,4.704618126630995,0.4327576935576459,0.45039999999999997,-1.4725721242401477,1
56.55213333333334,0.7397467915142002,5.017264292878605,0.44091387518803865,0.4648,-1.4303599926299322,1
57.35966666666668,0.7293602828658965,4.906559192461328,0.445488651557665,0.4648,-0.5388377887249614,1
58.22066666666667,0.7691686132153065,5.184229351391319,0.4519412616701423,0.4654,-0.8725579084035084,1
58.98053333333334,0.7112988932618655,4.735509591731655,0.45138167737145324,0.4726,-0.6926085512007112,1
59.73493333333335,0.5880047014173337,3.9435960824189724,0.4584762618355139,0.48100000000000004,-1.0069621873714028,1
60.48766666666666,0.7385580696344896,4.986026660281996,0.4699807088239545,0.495,-0.42026300802958216,1
61.32746666666666,0.7731471500015734,5.240760432690289,0.47009947316144346,0.495,-0.943215828004512,1
62.222599999999986,0.7496819147700805,5.07823139629735,0.4713016557011726,0.495,-0.7125187016557133,1
63.0366,0.6991097481797832,4.590388913371059,0.4690704055185462,0.4946,0.06232050871189099,1
63.792733333333324,0.6112628421736619,3.994475395387381,0.45861640034637513,0.4946,-0.25017836250723313,1
64.5664,0.6831994145196539,4.473833162419488,0.4478394712394163,0.4946,-0.8429435804150547,1
65.36646666666667,0.7585974221475346,5.1289399673754685,0.4294549755212996,0.4636,-1.3049351333004113,1
66.244,0.7254003032808861,4.865523353628278,0.43728081900155036,0.47000000000000003,-1.1950124454767639,1
67.03926666666668,0.68658720899501,4.6010699343487005,0.4319481388623716,0.47000000000000003,-1.2070705050296757,1
67.80266666666667,0.6148093109972307,4.121531586496002,0.4426726796780363,0.47000000000000003,-1.5352699470630287,1
68.60973333333332,0.7524622220122129,5.080172723029688,0.4473534143530519,0.46980000000000005,-1.2290358642162444,1
69.41846666666666,0.7496211813680003,5.063617014019436,0.4594799349989797,0.46980000000000005,-0.5654844836648953,1
70.21880000000002,0.6020005758579745,4.08096023653707,0.4504639623025724,0.46980000000000005,-0.494828506535248,1
70.92433333333334,0.6204054767291769,4.196650241612689,0.4583860818131371,0.5124000000000001,-0.32086433416764226,1
71.74220000000001,0.7702189039487397,5.200207425186744,0.4735592944218637,0.5184,-1.3958166699985506,1
72.58853333333333,0.7815993745021927,5.285801438126745,0.4793856206993837,0.5184,-1.5515473940712905,1
73.41519999999998,0.6521289443047286,4.396089087967937,0.46939967050123355,0.5184,-0.9868307769359439,1
